animal,time,group,Y,data_category,limit,censoring,inoculum,data_category_names
29915,7,H6 50AID50,1.23,2,.,1,50,DNA_blood
29915,15,H6 50AID50,3.21,2,.,0,50,DNA_blood
29925,511,H6 50AID50,0.230448921,1,.,1,50,RNA_VL
29915,28,H6 50AID50,2.525,2,.,0,50,DNA_blood
29925,336,H6 50AID50,0.937822733,1,.,1,50,RNA_VL
29915,36,H6 50AID50,3.403,2,.,0,50,DNA_blood
BD536,336,Non H6 5AID50,0.9406369,1,.,1,5,RNA_VL
29925,105,H6 50AID50,0.978361763,1,.,1,50,RNA_VL
29915,57,H6 50AID50,1.892,2,.,0,50,DNA_blood
29925,70,H6 50AID50,1.039484649,1,.,1,50,RNA_VL
29925,57,H6 50AID50,1.06366767,1,.,1,50,RNA_VL
29915,105,H6 50AID50,2.267,2,.,0,50,DNA_blood
BD536,192,Non H6 5AID50,1.076651033,1,.,1,5,RNA_VL
29915,169,H6 50AID50,2.297,2,.,0,50,DNA_blood
BA081,105,H6 50AID50,1.077849313,1,.,1,50,RNA_VL
29915,0,H6 50AID50,1.089905111,1,.,1,50,RNA_VL
29915,206,H6 50AID50,1.089905111,1,.,1,50,RNA_VL
29925,0,H6 50AID50,1.089905111,1,.,1,50,RNA_VL
29925,7,H6 50AID50,1.089905111,1,.,1,50,RNA_VL
29915,336,H6 50AID50,1.613,2,.,0,50,DNA_blood
29925,169,H6 50AID50,1.089905111,1,.,1,50,RNA_VL
29925,206,H6 50AID50,1.089905111,1,.,1,50,RNA_VL
29925,423,H6 50AID50,1.089905111,1,.,1,50,RNA_VL
29925,540,H6 50AID50,1.089905111,1,.,1,50,RNA_VL
31041,0,H6 50AID50,1.089905111,1,.,1,50,RNA_VL
29925,7,H6 50AID50,1.204,2,.,1,50,DNA_blood
AV979,0,Non H6 50AID50,1.089905111,1,.,1,50,RNA_VL
BA081,0,H6 50AID50,1.089905111,1,.,1,50,RNA_VL
BA081,169,H6 50AID50,1.089905111,1,.,1,50,RNA_VL
BA081,206,H6 50AID50,1.089905111,1,.,1,50,RNA_VL
29925,15,H6 50AID50,2.718,2,.,0,50,DNA_blood
BA081,253,H6 50AID50,1.089905111,1,.,1,50,RNA_VL
BA081,423,H6 50AID50,1.089905111,1,.,1,50,RNA_VL
BA081,556,H6 50AID50,1.089905111,1,.,1,50,RNA_VL
BA209,0,H6 50AID50,1.089905111,1,.,1,50,RNA_VL
29925,28,H6 50AID50,2.241,2,.,0,50,DNA_blood
BA209,169,H6 50AID50,1.089905111,1,.,1,50,RNA_VL
29925,36,H6 50AID50,1.996,2,.,0,50,DNA_blood
BA209,192,H6 50AID50,1.089905111,1,.,1,50,RNA_VL
BA209,206,H6 50AID50,1.089905111,1,.,1,50,RNA_VL
29925,57,H6 50AID50,1.146,2,.,1,50,DNA_blood
BA209,224,H6 50AID50,1.089905111,1,.,1,50,RNA_VL
BA209,253,H6 50AID50,1.089905111,1,.,1,50,RNA_VL
29925,105,H6 50AID50,1.863,2,.,1,50,DNA_blood
BA209,336,H6 50AID50,1.089905111,1,.,1,50,RNA_VL
29925,169,H6 50AID50,1.398,2,.,1,50,DNA_blood
BA209,423,H6 50AID50,1.089905111,1,.,1,50,RNA_VL
BA209,567,H6 50AID50,1.089905111,1,.,1,50,RNA_VL
BB598,0,Non H6 50AID50,1.089905111,1,.,1,50,RNA_VL
BC094,0,Non H6 5AID50,1.089905111,1,.,1,5,RNA_VL
BC094,7,Non H6 5AID50,1.089905111,1,.,1,5,RNA_VL
29925,336,H6 50AID50,1.041,2,.,1,50,DNA_blood
BC094,169,Non H6 5AID50,1.089905111,1,.,1,5,RNA_VL
BC094,206,Non H6 5AID50,1.089905111,1,.,1,5,RNA_VL
BC094,224,Non H6 5AID50,1.089905111,1,.,1,5,RNA_VL
BC094,336,Non H6 5AID50,1.089905111,1,.,1,5,RNA_VL
BC094,423,Non H6 5AID50,1.089905111,1,.,1,5,RNA_VL
31041,7,H6 50AID50,2.914,2,.,1,50,DNA_blood
BC094,441,Non H6 5AID50,1.089905111,1,.,1,5,RNA_VL
BC179,0,Non H6 5AID50,1.089905111,1,.,1,5,RNA_VL
BC179,224,Non H6 5AID50,1.089905111,1,.,1,5,RNA_VL
BC179,253,Non H6 5AID50,1.089905111,1,.,1,5,RNA_VL
31041,15,H6 50AID50,4.555,2,.,0,50,DNA_blood
BC179,336,Non H6 5AID50,1.089905111,1,.,1,5,RNA_VL
BC179,423,Non H6 5AID50,1.089905111,1,.,1,5,RNA_VL
BC179,437,Non H6 5AID50,1.089905111,1,.,1,5,RNA_VL
BC657,0,H6 50AID50,1.089905111,1,.,1,50,RNA_VL
BD536,0,Non H6 5AID50,1.089905111,1,.,1,5,RNA_VL
31041,36,H6 50AID50,3.878,2,.,0,50,DNA_blood
BD536,105,Non H6 5AID50,1.089905111,1,.,1,5,RNA_VL
BD536,169,Non H6 5AID50,1.089905111,1,.,1,5,RNA_VL
31041,57,H6 50AID50,3.918,2,.,0,50,DNA_blood
BD536,206,Non H6 5AID50,1.089905111,1,.,1,5,RNA_VL
BD536,224,Non H6 5AID50,1.089905111,1,.,1,5,RNA_VL
31041,105,H6 50AID50,3.498,2,.,0,50,DNA_blood
BD536,423,Non H6 5AID50,1.089905111,1,.,1,5,RNA_VL
31041,169,H6 50AID50,3.516,2,.,0,50,DNA_blood
BD536,511,Non H6 5AID50,1.089905111,1,.,1,5,RNA_VL
BD536,561,Non H6 5AID50,1.089905111,1,.,1,5,RNA_VL
BD885,0,Non H6 50AID50,1.089905111,1,.,1,50,RNA_VL
BG927,0,Non H6 50AID50,1.089905111,1,.,1,50,RNA_VL
BL669,0,Non H6 50AID50,1.089905111,1,.,1,50,RNA_VL
31041,336,H6 50AID50,2.796,2,.,1,50,DNA_blood
BO186,0,Non H6 5AID50,1.089905111,1,.,1,5,RNA_VL
BO186,336,Non H6 5AID50,1.089905111,1,.,1,5,RNA_VL
BO186,563,Non H6 5AID50,1.089905111,1,.,1,5,RNA_VL
BO413,0,Non H6 50AID50,1.089905111,1,.,1,50,RNA_VL
29915,253,H6 50AID50,1.176041291,1,.,0,50,RNA_VL
BG927,192,Non H6 50AID50,1.263856887,1,.,0,50,RNA_VL
AV979,7,Non H6 50AID50,1,2,.,1,50,DNA_blood
BC094,105,Non H6 5AID50,1.302380237,1,.,0,5,RNA_VL
BA209,105,H6 50AID50,1.304347014,1,.,0,50,RNA_VL
29915,105,H6 50AID50,1.311744932,1,.,0,50,RNA_VL
BA081,70,H6 50AID50,1.443504634,1,.,0,50,RNA_VL
AV979,15,Non H6 50AID50,4.032,2,.,0,50,DNA_blood
BA209,70,H6 50AID50,1.539178148,1,.,0,50,RNA_VL
BD536,253,Non H6 5AID50,1.609720371,1,.,0,5,RNA_VL
29915,336,H6 50AID50,1.618030935,1,.,0,50,RNA_VL
BC179,105,Non H6 5AID50,1.643658107,1,.,0,5,RNA_VL
AV979,28,Non H6 50AID50,3.808,2,.,0,50,DNA_blood
29915,423,H6 50AID50,1.702158272,1,.,0,50,RNA_VL
AV979,36,Non H6 50AID50,4.134,2,.,0,50,DNA_blood
BG927,253,Non H6 50AID50,1.719216788,1,.,0,50,RNA_VL
29925,253,H6 50AID50,1.761344597,1,.,0,50,RNA_VL
AV979,57,Non H6 50AID50,4.024,2,.,0,50,DNA_blood
29925,224,H6 50AID50,1.775815455,1,.,0,50,RNA_VL
BA081,224,H6 50AID50,1.808921142,1,.,0,50,RNA_VL
AV979,105,Non H6 50AID50,3.395,2,.,0,50,DNA_blood
BA081,336,H6 50AID50,1.82232168,1,.,0,50,RNA_VL
AV979,169,Non H6 50AID50,3.548,2,.,0,50,DNA_blood
BO186,105,Non H6 5AID50,1.825991227,1,.,0,5,RNA_VL
BO186,423,Non H6 5AID50,1.828256261,1,.,0,5,RNA_VL
BO186,206,Non H6 5AID50,1.84106311,1,.,0,5,RNA_VL
BA081,192,H6 50AID50,1.848448007,1,.,0,50,RNA_VL
BG927,336,Non H6 50AID50,1.849525875,1,.,0,50,RNA_VL
AV979,336,Non H6 50AID50,2.42,2,.,1,50,DNA_blood
BC094,70,Non H6 5AID50,1.860162445,1,.,0,5,RNA_VL
29915,224,H6 50AID50,1.873076698,1,.,0,50,RNA_VL
29915,169,H6 50AID50,1.919049034,1,.,0,50,RNA_VL
BO186,253,Non H6 5AID50,1.934093277,1,.,0,5,RNA_VL
BC179,57,Non H6 5AID50,1.946582688,1,.,0,5,RNA_VL
BA081,7,H6 50AID50,2.848,2,.,0,50,DNA_blood
BO186,511,Non H6 5AID50,1.987579559,1,.,0,5,RNA_VL
BD536,36,Non H6 5AID50,2.022004012,1,.,0,5,RNA_VL
29925,192,H6 50AID50,2.040832733,1,.,0,50,RNA_VL
BC657,336,H6 50AID50,2.055540958,1,.,0,50,RNA_VL
BA081,15,H6 50AID50,4.064,2,.,0,50,DNA_blood
BA081,511,H6 50AID50,2.116856089,1,.,0,50,RNA_VL
BO186,192,Non H6 5AID50,2.144626032,1,.,0,5,RNA_VL
BC094,253,Non H6 5AID50,2.18606234,1,.,0,5,RNA_VL
BA209,57,H6 50AID50,2.204119983,1,.,0,50,RNA_VL
BA081,28,H6 50AID50,3.838,2,.,0,50,DNA_blood
29915,192,H6 50AID50,2.20896295,1,.,0,50,RNA_VL
BA081,36,H6 50AID50,3.662,2,.,0,50,DNA_blood
BG927,169,Non H6 50AID50,2.210176388,1,.,0,50,RNA_VL
BC094,11,Non H6 5AID50,2.210303508,1,.,0,5,RNA_VL
BA081,57,H6 50AID50,3.395,2,.,0,50,DNA_blood
BG927,518,Non H6 50AID50,2.211356438,1,.,0,50,RNA_VL
29925,9,H6 50AID50,2.230325423,1,.,0,50,RNA_VL
BA081,105,H6 50AID50,2.519,2,.,0,50,DNA_blood
BC179,206,Non H6 5AID50,2.265453147,1,.,0,5,RNA_VL
BA081,169,H6 50AID50,2.879,2,.,0,50,DNA_blood
BC094,42,Non H6 5AID50,2.278551415,1,.,0,5,RNA_VL
BA209,511,H6 50AID50,2.294579586,1,.,0,50,RNA_VL
BG927,504,Non H6 50AID50,2.302873148,1,.,0,50,RNA_VL
BC179,7,Non H6 5AID50,2.308902264,1,.,0,5,RNA_VL
BG927,224,Non H6 50AID50,2.324234854,1,.,0,50,RNA_VL
BA081,336,H6 50AID50,2.53,2,.,0,50,DNA_blood
29925,36,H6 50AID50,2.353836823,1,.,0,50,RNA_VL
29915,70,H6 50AID50,2.361727836,1,.,0,50,RNA_VL
BL669,528,Non H6 50AID50,2.36361198,1,.,0,50,RNA_VL
BC657,169,H6 50AID50,2.365217591,1,.,0,50,RNA_VL
BC657,605,H6 50AID50,2.366026632,1,.,0,50,RNA_VL
BA209,7,H6 50AID50,2.215,2,.,0,50,DNA_blood
29925,42,H6 50AID50,2.373424153,1,.,0,50,RNA_VL
BO186,169,Non H6 5AID50,2.383399082,1,.,0,5,RNA_VL
BC657,105,H6 50AID50,2.398081407,1,.,0,50,RNA_VL
BL669,423,Non H6 50AID50,2.404218865,1,.,0,50,RNA_VL
BA209,15,H6 50AID50,3.109,2,.,0,50,DNA_blood
BO186,224,Non H6 5AID50,2.439092022,1,.,0,5,RNA_VL
BC094,36,Non H6 5AID50,2.448567162,1,.,0,5,RNA_VL
BC657,253,H6 50AID50,2.450651838,1,.,0,50,RNA_VL
BC179,70,Non H6 5AID50,2.458032531,1,.,0,5,RNA_VL
BA209,28,H6 50AID50,3.345,2,.,0,50,DNA_blood
BC657,511,H6 50AID50,2.465112813,1,.,0,50,RNA_VL
BA209,36,H6 50AID50,2.799,2,.,0,50,DNA_blood
BO413,423,Non H6 50AID50,2.475222179,1,.,0,50,RNA_VL
BC094,57,Non H6 5AID50,2.480593446,1,.,0,5,RNA_VL
BA209,57,H6 50AID50,1.431,2,.,1,50,DNA_blood
BG927,423,Non H6 50AID50,2.529286259,1,.,0,50,RNA_VL
BO413,493,Non H6 50AID50,2.538880755,1,.,0,50,RNA_VL
BA209,105,H6 50AID50,1.58,2,.,1,50,DNA_blood
29915,511,H6 50AID50,2.544658081,1,.,0,50,RNA_VL
BA209,169,H6 50AID50,2.305,2,.,0,50,DNA_blood
BC657,423,H6 50AID50,2.554861414,1,.,0,50,RNA_VL
BL669,493,Non H6 50AID50,2.580185573,1,.,0,50,RNA_VL
BG927,105,Non H6 50AID50,2.594689556,1,.,0,50,RNA_VL
BC657,206,H6 50AID50,2.599394479,1,.,0,50,RNA_VL
BO413,535,Non H6 50AID50,2.627700768,1,.,0,50,RNA_VL
BA209,336,H6 50AID50,0.845,2,.,1,50,DNA_blood
BA081,57,H6 50AID50,2.633468456,1,.,0,50,RNA_VL
BD536,42,Non H6 5AID50,2.642669357,1,.,0,5,RNA_VL
BL669,336,Non H6 50AID50,2.689766714,1,.,0,50,RNA_VL
BC094,28,Non H6 5AID50,2.710372073,1,.,0,5,RNA_VL
AV979,7,Non H6 50AID50,2.720381023,1,.,0,50,RNA_VL
BB598,7,Non H6 50AID50,1.23,2,.,1,50,DNA_blood
29915,535,H6 50AID50,2.723905967,1,.,0,50,RNA_VL
BL669,504,Non H6 50AID50,2.726916601,1,.,0,50,RNA_VL
29915,57,H6 50AID50,2.748188027,1,.,0,50,RNA_VL
BD536,70,Non H6 5AID50,2.763427994,1,.,0,5,RNA_VL
BB598,15,Non H6 50AID50,3.659,2,.,0,50,DNA_blood
BC657,224,H6 50AID50,2.768777068,1,.,0,50,RNA_VL
29925,28,H6 50AID50,2.768962381,1,.,0,50,RNA_VL
BC179,36,Non H6 5AID50,2.807369753,1,.,0,5,RNA_VL
31041,511,H6 50AID50,2.816799256,1,.,0,50,RNA_VL
BB598,28,Non H6 50AID50,3.718,2,.,0,50,DNA_blood
BO413,336,Non H6 50AID50,2.830912458,1,.,0,50,RNA_VL
BB598,36,Non H6 50AID50,3.575,2,.,0,50,DNA_blood
BO186,70,Non H6 5AID50,2.838849091,1,.,0,5,RNA_VL
31041,464,H6 50AID50,2.88981156,1,.,0,50,RNA_VL
BB598,57,Non H6 50AID50,3.606,2,.,0,50,DNA_blood
BO413,224,Non H6 50AID50,2.896325456,1,.,0,50,RNA_VL
BL669,464,Non H6 50AID50,2.913576869,1,.,0,50,RNA_VL
BB598,105,Non H6 50AID50,3.133,2,.,0,50,DNA_blood
BO413,464,Non H6 50AID50,2.916519008,1,.,0,50,RNA_VL
BB598,169,Non H6 50AID50,2.908,2,.,0,50,DNA_blood
BL669,253,Non H6 50AID50,2.967845197,1,.,0,50,RNA_VL
BL669,169,Non H6 50AID50,2.980298127,1,.,0,50,RNA_VL
BO413,169,Non H6 50AID50,3.0247676,1,.,0,50,RNA_VL
BB598,7,Non H6 50AID50,3.029258954,1,.,0,50,RNA_VL
BC094,9,Non H6 5AID50,3.053951625,1,.,0,5,RNA_VL
BB598,336,Non H6 50AID50,2.56,2,.,1,50,DNA_blood
BO413,504,Non H6 50AID50,3.067970457,1,.,0,50,RNA_VL
BL669,224,Non H6 50AID50,3.06800852,1,.,0,50,RNA_VL
31041,423,H6 50AID50,3.070428219,1,.,0,50,RNA_VL
BC657,7,H6 50AID50,3.07598121,1,.,0,50,RNA_VL
BD536,57,Non H6 5AID50,3.079181246,1,.,0,5,RNA_VL
BC094,7,Non H6 5AID50,0.903,2,.,1,5,DNA_blood
29925,24,H6 50AID50,3.094760164,1,.,0,50,RNA_VL
BD536,24,Non H6 5AID50,3.10237322,1,.,0,5,RNA_VL
BD536,7,Non H6 5AID50,3.109962532,1,.,0,5,RNA_VL
BO413,192,Non H6 50AID50,3.132209794,1,.,0,50,RNA_VL
BC094,15,Non H6 5AID50,3.274,2,.,0,5,DNA_blood
31041,504,H6 50AID50,3.144076071,1,.,0,50,RNA_VL
31041,336,H6 50AID50,3.186914781,1,.,0,50,RNA_VL
BO413,253,Non H6 50AID50,3.193824939,1,.,0,50,RNA_VL
BC657,70,H6 50AID50,3.204119983,1,.,0,50,RNA_VL
BC094,28,Non H6 5AID50,3.179,2,.,0,5,DNA_blood
BB598,105,Non H6 50AID50,3.206754041,1,.,0,50,RNA_VL
BC094,36,Non H6 5AID50,2.959,2,.,0,5,DNA_blood
BG927,7,Non H6 50AID50,3.228748876,1,.,0,50,RNA_VL
BC094,24,Non H6 5AID50,3.234494024,1,.,0,5,RNA_VL
BC094,57,Non H6 5AID50,2.033,2,.,0,5,DNA_blood
BO413,105,Non H6 50AID50,3.282206769,1,.,0,50,RNA_VL
BC179,42,Non H6 5AID50,3.32766558,1,.,0,5,RNA_VL
BC094,105,Non H6 5AID50,2.013,2,.,0,5,DNA_blood
BL669,192,Non H6 50AID50,3.349808431,1,.,0,50,RNA_VL
BC094,169,Non H6 5AID50,1.908,2,.,0,5,DNA_blood
BB598,169,Non H6 50AID50,3.386120165,1,.,0,50,RNA_VL
BA209,42,H6 50AID50,3.391142205,1,.,0,50,RNA_VL
BC657,57,H6 50AID50,3.397940009,1,.,0,50,RNA_VL
29915,43,H6 50AID50,3.426135172,1,.,0,50,RNA_VL
BC657,192,H6 50AID50,3.475235387,1,.,0,50,RNA_VL
BC094,336,Non H6 5AID50,1.362,2,.,1,5,DNA_blood
BC179,11,Non H6 5AID50,3.531719199,1,.,0,5,RNA_VL
BD885,7,Non H6 50AID50,3.552221535,1,.,0,50,RNA_VL
BG927,57,Non H6 50AID50,3.562578812,1,.,0,50,RNA_VL
BD536,28,Non H6 5AID50,3.622794599,1,.,0,5,RNA_VL
BC179,7,Non H6 5AID50,1.362,2,.,1,5,DNA_blood
BC179,28,Non H6 5AID50,3.652164153,1,.,0,5,RNA_VL
31041,105,H6 50AID50,3.670806811,1,.,0,50,RNA_VL
29915,7,H6 50AID50,3.67437087,1,.,0,50,RNA_VL
BO186,57,Non H6 5AID50,3.69019608,1,.,0,5,RNA_VL
BC179,15,Non H6 5AID50,3.638,2,.,0,5,DNA_blood
29925,11,H6 50AID50,3.743840838,1,.,0,50,RNA_VL
31041,253,H6 50AID50,3.778711914,1,.,0,50,RNA_VL
BD885,224,Non H6 50AID50,3.786070497,1,.,0,50,RNA_VL
BB598,28,Non H6 50AID50,3.790906949,1,.,0,50,RNA_VL
BC179,28,Non H6 5AID50,4.506,2,.,0,5,DNA_blood
BA209,36,H6 50AID50,3.811649739,1,.,0,50,RNA_VL
BC179,36,Non H6 5AID50,3.493,2,.,0,5,DNA_blood
BO413,70,Non H6 50AID50,3.835715896,1,.,0,50,RNA_VL
BB598,253,Non H6 50AID50,3.840551688,1,.,0,50,RNA_VL
BC179,57,Non H6 5AID50,2.823,2,.,0,5,DNA_blood
AV979,434,Non H6 50AID50,3.843135869,1,.,0,50,RNA_VL
BB598,224,Non H6 50AID50,3.845100733,1,.,0,50,RNA_VL
BC179,105,Non H6 5AID50,2.378,2,.,0,5,DNA_blood
BC179,169,Non H6 5AID50,3.864739549,1,.,0,5,RNA_VL
BC179,169,Non H6 5AID50,2.831,2,.,0,5,DNA_blood
BD885,70,Non H6 50AID50,3.866032424,1,.,0,50,RNA_VL
BA081,42,H6 50AID50,3.877781773,1,.,0,50,RNA_VL
BC657,42,H6 50AID50,3.897555401,1,.,0,50,RNA_VL
BD885,253,Non H6 50AID50,3.923635808,1,.,0,50,RNA_VL
31041,70,H6 50AID50,3.944716432,1,.,0,50,RNA_VL
BC179,336,Non H6 5AID50,1.973,2,.,0,5,DNA_blood
BO413,21,Non H6 50AID50,3.953101289,1,.,0,50,RNA_VL
BB598,192,Non H6 50AID50,3.956968538,1,.,0,50,RNA_VL
BD885,192,Non H6 50AID50,3.97346867,1,.,0,50,RNA_VL
BD885,169,Non H6 50AID50,3.973591882,1,.,0,50,RNA_VL
BC657,7,H6 50AID50,0.778,2,.,1,50,DNA_blood
31041,57,H6 50AID50,3.988007649,1,.,0,50,RNA_VL
31041,42,H6 50AID50,4.02050648,1,.,0,50,RNA_VL
BO186,7,Non H6 5AID50,4.027251784,1,.,0,5,RNA_VL
29915,36,H6 50AID50,4.038565894,1,.,0,50,RNA_VL
BC657,15,H6 50AID50,4.075,2,.,0,50,DNA_blood
BD885,336,Non H6 50AID50,4.039281619,1,.,0,50,RNA_VL
31041,7,H6 50AID50,4.045239151,1,.,0,50,RNA_VL
31041,192,H6 50AID50,4.062838313,1,.,0,50,RNA_VL
AV979,9,Non H6 50AID50,4.068584857,1,.,0,50,RNA_VL
BC657,28,H6 50AID50,3.25,2,.,0,50,DNA_blood
BB598,36,Non H6 50AID50,4.07915498,1,.,0,50,RNA_VL
BC657,36,H6 50AID50,3.606,2,.,0,50,DNA_blood
BB598,57,Non H6 50AID50,4.107122527,1,.,0,50,RNA_VL
31041,224,H6 50AID50,4.110140394,1,.,0,50,RNA_VL
BC657,57,H6 50AID50,3.116,2,.,0,50,DNA_blood
BO413,57,Non H6 50AID50,4.115820108,1,.,0,50,RNA_VL
BC179,24,Non H6 5AID50,4.127453784,1,.,0,5,RNA_VL
31041,169,H6 50AID50,4.137592219,1,.,0,50,RNA_VL
BC657,169,H6 50AID50,3.035,2,.,0,50,DNA_blood
BD885,514,Non H6 50AID50,4.146985227,1,.,0,50,RNA_VL
BB598,70,Non H6 50AID50,4.153180684,1,.,0,50,RNA_VL
BD885,464,Non H6 50AID50,4.163022076,1,.,0,50,RNA_VL
BD885,504,Non H6 50AID50,4.167914182,1,.,0,50,RNA_VL
BD885,493,Non H6 50AID50,4.183211369,1,.,0,50,RNA_VL
BC657,336,H6 50AID50,2.599,2,.,0,50,DNA_blood
BC094,21,Non H6 5AID50,4.183943165,1,.,0,5,RNA_VL
BL669,7,Non H6 50AID50,4.201620641,1,.,0,50,RNA_VL
BB598,336,Non H6 50AID50,4.20318723,1,.,0,50,RNA_VL
BO413,7,Non H6 50AID50,4.207547911,1,.,0,50,RNA_VL
BB598,42,Non H6 50AID50,4.207854603,1,.,0,50,RNA_VL
BD536,7,Non H6 5AID50,1.892,2,.,0,5,DNA_blood
BB598,423,Non H6 50AID50,4.217837892,1,.,0,50,RNA_VL
BD885,105,Non H6 50AID50,4.222320003,1,.,0,50,RNA_VL
BG927,70,Non H6 50AID50,4.240589088,1,.,0,50,RNA_VL
AV979,442,Non H6 50AID50,4.285843709,1,.,0,50,RNA_VL
BD536,15,Non H6 5AID50,2.996,2,.,0,5,DNA_blood
BG927,28,Non H6 50AID50,4.288397377,1,.,0,50,RNA_VL
BB598,9,Non H6 50AID50,4.289624403,1,.,0,50,RNA_VL
BL669,70,Non H6 50AID50,4.294729818,1,.,0,50,RNA_VL
BA209,7,H6 50AID50,4.310802455,1,.,0,50,RNA_VL
BD536,28,Non H6 5AID50,3.75,2,.,0,5,DNA_blood
BD885,57,Non H6 50AID50,4.333486512,1,.,0,50,RNA_VL
BD536,36,Non H6 5AID50,3.55,2,.,0,5,DNA_blood
BG927,42,Non H6 50AID50,4.335516999,1,.,0,50,RNA_VL
BO186,28,Non H6 5AID50,4.337782935,1,.,0,5,RNA_VL
BD536,57,Non H6 5AID50,3.115,2,.,0,5,DNA_blood
BA081,36,H6 50AID50,4.351415234,1,.,0,50,RNA_VL
31041,36,H6 50AID50,4.369771406,1,.,0,50,RNA_VL
BD536,105,Non H6 5AID50,2.777,2,.,0,5,DNA_blood
BL669,57,Non H6 50AID50,4.373050097,1,.,0,50,RNA_VL
BD536,169,Non H6 5AID50,2.638,2,.,0,5,DNA_blood
BB598,24,Non H6 50AID50,4.39440243,1,.,0,50,RNA_VL
BC657,36,H6 50AID50,4.39923464,1,.,0,50,RNA_VL
BD536,17,Non H6 5AID50,4.406120245,1,.,0,5,RNA_VL
BD885,423,Non H6 50AID50,4.409128876,1,.,0,50,RNA_VL
BA209,28,H6 50AID50,4.451907835,1,.,0,50,RNA_VL
BD536,336,Non H6 5AID50,2.508,2,.,0,5,DNA_blood
BB598,507,Non H6 50AID50,4.471089444,1,.,0,50,RNA_VL
BO186,36,Non H6 5AID50,4.473457338,1,.,0,5,RNA_VL
AV979,336,Non H6 50AID50,4.483484279,1,.,0,50,RNA_VL
BO413,24,Non H6 50AID50,4.484357574,1,.,0,50,RNA_VL
AV979,253,Non H6 50AID50,4.48732441,1,.,0,50,RNA_VL
BD885,7,Non H6 50AID50,2.428,2,.,0,50,DNA_blood
BO413,42,Non H6 50AID50,4.487947826,1,.,0,50,RNA_VL
29925,21,H6 50AID50,4.489128894,1,.,0,50,RNA_VL
BD536,9,Non H6 5AID50,4.509666954,1,.,0,5,RNA_VL
29915,21,H6 50AID50,4.516000926,1,.,0,50,RNA_VL
BD885,15,Non H6 50AID50,3.449,2,.,0,50,DNA_blood
AV979,224,Non H6 50AID50,4.522420933,1,.,0,50,RNA_VL
29915,24,H6 50AID50,4.528785224,1,.,0,50,RNA_VL
BC657,28,H6 50AID50,4.534791557,1,.,0,50,RNA_VL
BG927,9,Non H6 50AID50,4.549441299,1,.,0,50,RNA_VL
BD885,28,Non H6 50AID50,3.228,2,.,0,50,DNA_blood
BA081,7,H6 50AID50,4.549514958,1,.,0,50,RNA_VL
BD885,36,Non H6 50AID50,3.536,2,.,0,50,DNA_blood
BL669,28,Non H6 50AID50,4.549875337,1,.,0,50,RNA_VL
BL669,105,Non H6 50AID50,4.565075369,1,.,0,50,RNA_VL
BD885,57,Non H6 50AID50,3.438,2,.,0,50,DNA_blood
BL669,42,Non H6 50AID50,4.582772813,1,.,0,50,RNA_VL
BO186,24,Non H6 5AID50,4.584000205,1,.,0,5,RNA_VL
BD885,105,Non H6 50AID50,2.92,2,.,0,50,DNA_blood
31041,28,H6 50AID50,4.590233663,1,.,0,50,RNA_VL
BD885,169,Non H6 50AID50,3.095,2,.,0,50,DNA_blood
BO413,36,Non H6 50AID50,4.591273063,1,.,0,50,RNA_VL
29915,28,H6 50AID50,4.60872001,1,.,0,50,RNA_VL
BG927,24,Non H6 50AID50,4.609017091,1,.,0,50,RNA_VL
BO186,42,Non H6 5AID50,4.629392304,1,.,0,5,RNA_VL
BB598,21,Non H6 50AID50,4.679331602,1,.,0,50,RNA_VL
BD885,336,Non H6 50AID50,2.32,2,.,1,50,DNA_blood
AV979,423,Non H6 50AID50,4.689886017,1,.,0,50,RNA_VL
BB598,504,Non H6 50AID50,4.767541925,1,.,0,50,RNA_VL
BC179,9,Non H6 5AID50,4.77923466,1,.,0,5,RNA_VL
BO186,15,Non H6 5AID50,4.787969538,1,.,0,5,RNA_VL
BD885,24,Non H6 50AID50,4.799359468,1,.,0,50,RNA_VL
BA081,28,H6 50AID50,4.811791972,1,.,0,50,RNA_VL
BO186,21,Non H6 5AID50,4.841858115,1,.,0,5,RNA_VL
BG927,7,Non H6 50AID50,1.799,2,.,0,50,DNA_blood
BC657,24,H6 50AID50,4.86349264,1,.,0,50,RNA_VL
BD885,9,Non H6 50AID50,4.874840367,1,.,0,50,RNA_VL
29915,9,H6 50AID50,4.886481658,1,.,0,50,RNA_VL
BD536,21,Non H6 5AID50,4.898028926,1,.,0,5,RNA_VL
BG927,15,Non H6 50AID50,3.045,2,.,0,50,DNA_blood
AV979,169,Non H6 50AID50,4.898280266,1,.,0,50,RNA_VL
BO413,28,Non H6 50AID50,4.899110326,1,.,0,50,RNA_VL
BA209,24,H6 50AID50,4.9267313,1,.,0,50,RNA_VL
BL669,24,Non H6 50AID50,4.96411049,1,.,0,50,RNA_VL
BG927,28,Non H6 50AID50,3.63,2,.,0,50,DNA_blood
29925,14,H6 50AID50,5.003724345,1,.,0,50,RNA_VL
BG927,36,Non H6 50AID50,3.57,2,.,0,50,DNA_blood
AV979,192,Non H6 50AID50,5.005348116,1,.,0,50,RNA_VL
BA081,24,H6 50AID50,5.039903939,1,.,0,50,RNA_VL
BG927,57,Non H6 50AID50,3.29,2,.,0,50,DNA_blood
BD536,15,Non H6 5AID50,5.042439884,1,.,0,5,RNA_VL
BD885,28,Non H6 50AID50,5.052218457,1,.,0,50,RNA_VL
BG927,105,Non H6 50AID50,2.91,2,.,0,50,DNA_blood
BC094,14,Non H6 5AID50,5.053745185,1,.,0,5,RNA_VL
BG927,169,Non H6 50AID50,2.567,2,.,0,50,DNA_blood
BC657,9,H6 50AID50,5.057251054,1,.,0,50,RNA_VL
29925,15,H6 50AID50,5.059578288,1,.,0,50,RNA_VL
BG927,36,Non H6 50AID50,5.081595369,1,.,0,50,RNA_VL
BB598,17,Non H6 50AID50,5.093603064,1,.,0,50,RNA_VL
BO186,17,Non H6 5AID50,5.111952714,1,.,0,5,RNA_VL
BG927,336,Non H6 50AID50,2.898,2,.,0,50,DNA_blood
31041,24,H6 50AID50,5.114526055,1,.,0,50,RNA_VL
29925,17,H6 50AID50,5.132721275,1,.,0,50,RNA_VL
BD885,42,Non H6 50AID50,5.143653915,1,.,0,50,RNA_VL
BO186,9,Non H6 5AID50,5.158575907,1,.,0,5,RNA_VL
BA209,9,H6 50AID50,5.164138415,1,.,0,50,RNA_VL
BL669,7,Non H6 50AID50,2.822,2,.,0,50,DNA_blood
AV979,105,Non H6 50AID50,5.183127026,1,.,0,50,RNA_VL
BL669,21,Non H6 50AID50,5.194213542,1,.,0,50,RNA_VL
31041,21,H6 50AID50,5.245210323,1,.,0,50,RNA_VL
AV979,70,Non H6 50AID50,5.26838905,1,.,0,50,RNA_VL
BL669,15,Non H6 50AID50,4.32,2,.,0,50,DNA_blood
BO413,9,Non H6 50AID50,5.291878626,1,.,0,50,RNA_VL
BL669,9,Non H6 50AID50,5.297522996,1,.,0,50,RNA_VL
BA209,21,H6 50AID50,5.325167939,1,.,0,50,RNA_VL
29915,15,H6 50AID50,5.334370252,1,.,0,50,RNA_VL
BL669,28,Non H6 50AID50,3.896,2,.,0,50,DNA_blood
AV979,11,Non H6 50AID50,5.335186337,1,.,0,50,RNA_VL
BL669,36,Non H6 50AID50,3.805,2,.,0,50,DNA_blood
BD885,36,Non H6 50AID50,5.342142196,1,.,0,50,RNA_VL
BA081,21,H6 50AID50,5.354628425,1,.,0,50,RNA_VL
BL669,57,Non H6 50AID50,3.588,2,.,0,50,DNA_blood
BB598,11,Non H6 50AID50,5.361911422,1,.,0,50,RNA_VL
BC657,21,H6 50AID50,5.407156563,1,.,0,50,RNA_VL
BL669,105,Non H6 50AID50,3.406,2,.,0,50,DNA_blood
BA209,15,H6 50AID50,5.418942964,1,.,0,50,RNA_VL
BL669,169,Non H6 50AID50,3.39,2,.,0,50,DNA_blood
31041,9,H6 50AID50,5.422692298,1,.,0,50,RNA_VL
BD885,21,Non H6 50AID50,5.450480017,1,.,0,50,RNA_VL
BG927,17,Non H6 50AID50,5.457994862,1,.,0,50,RNA_VL
31041,17,H6 50AID50,5.471106003,1,.,0,50,RNA_VL
BC179,21,Non H6 5AID50,5.478603134,1,.,0,5,RNA_VL
BL669,336,Non H6 50AID50,2.477,2,.,0,50,DNA_blood
BA209,17,H6 50AID50,5.494960392,1,.,0,50,RNA_VL
BO413,15,Non H6 50AID50,5.507259202,1,.,0,50,RNA_VL
BO186,14,Non H6 5AID50,5.550563063,1,.,0,5,RNA_VL
BL669,36,Non H6 50AID50,5.578569062,1,.,0,50,RNA_VL
BG927,11,Non H6 50AID50,5.583669075,1,.,0,50,RNA_VL
BA081,17,H6 50AID50,5.595123103,1,.,0,50,RNA_VL
BA081,9,H6 50AID50,5.638865802,1,.,0,50,RNA_VL
BO186,7,Non H6 5AID50,2.624,2,.,0,5,DNA_blood
BC094,15,Non H6 5AID50,5.642813365,1,.,0,5,RNA_VL
BD536,14,Non H6 5AID50,5.674060024,1,.,0,5,RNA_VL
AV979,57,Non H6 50AID50,5.678079454,1,.,0,50,RNA_VL
BL669,15,Non H6 50AID50,5.681582869,1,.,0,50,RNA_VL
BO186,15,Non H6 5AID50,3.891,2,.,0,5,DNA_blood
BO413,14,Non H6 50AID50,5.690191711,1,.,0,50,RNA_VL
BA209,14,H6 50AID50,5.693033823,1,.,0,50,RNA_VL
BG927,15,Non H6 50AID50,5.694276915,1,.,0,50,RNA_VL
BD536,11,Non H6 5AID50,5.69644148,1,.,0,5,RNA_VL
BO186,28,Non H6 5AID50,3.802,2,.,0,5,DNA_blood
29915,17,H6 50AID50,5.698988073,1,.,0,50,RNA_VL
BO186,36,Non H6 5AID50,3.607,2,.,0,5,DNA_blood
AV979,42,Non H6 50AID50,5.714207255,1,.,0,50,RNA_VL
BO413,17,Non H6 50AID50,5.778443665,1,.,0,50,RNA_VL
BO186,57,Non H6 5AID50,3.515,2,.,0,5,DNA_blood
AV979,24,Non H6 50AID50,5.821839551,1,.,0,50,RNA_VL
AV979,28,Non H6 50AID50,5.830302664,1,.,0,50,RNA_VL
BO186,105,Non H6 5AID50,2.865,2,.,0,5,DNA_blood
BL669,17,Non H6 50AID50,5.842621223,1,.,0,50,RNA_VL
BO186,169,Non H6 5AID50,3.12,2,.,0,5,DNA_blood
BA081,15,H6 50AID50,5.849687574,1,.,0,50,RNA_VL
BC094,17,Non H6 5AID50,5.868640037,1,.,0,5,RNA_VL
BC179,14,Non H6 5AID50,5.9056046,1,.,0,5,RNA_VL
BB598,15,Non H6 50AID50,5.938353381,1,.,0,50,RNA_VL
BG927,21,Non H6 50AID50,5.998650802,1,.,0,50,RNA_VL
BO186,336,Non H6 5AID50,2.548,2,.,0,5,DNA_blood
29915,14,H6 50AID50,6.002160534,1,.,0,50,RNA_VL
BL669,14,Non H6 50AID50,6.00982024,1,.,0,50,RNA_VL
BO186,11,Non H6 5AID50,6.013243998,1,.,0,5,RNA_VL
BC657,17,H6 50AID50,6.02233792,1,.,0,50,RNA_VL
BG927,14,Non H6 50AID50,6.027156042,1,.,0,50,RNA_VL
BO413,7,Non H6 50AID50,2.602,2,.,0,50,DNA_blood
BD885,17,Non H6 50AID50,6.060074633,1,.,0,50,RNA_VL
BD885,11,Non H6 50AID50,6.067698325,1,.,0,50,RNA_VL
AV979,36,Non H6 50AID50,6.104334876,1,.,0,50,RNA_VL
BA209,11,H6 50AID50,6.110659123,1,.,0,50,RNA_VL
BO413,15,Non H6 50AID50,3.58,2,.,0,50,DNA_blood
BD885,15,Non H6 50AID50,6.132478859,1,.,0,50,RNA_VL
31041,15,H6 50AID50,6.133838674,1,.,0,50,RNA_VL
29915,11,H6 50AID50,6.158722238,1,.,0,50,RNA_VL
BO413,11,Non H6 50AID50,6.170861788,1,.,0,50,RNA_VL
BO413,28,Non H6 50AID50,3.281,2,.,0,50,DNA_blood
AV979,21,Non H6 50AID50,6.175753953,1,.,0,50,RNA_VL
BO413,36,Non H6 50AID50,3.332,2,.,0,50,DNA_blood
BC179,15,Non H6 5AID50,6.176543472,1,.,0,5,RNA_VL
BC657,15,H6 50AID50,6.200111181,1,.,0,50,RNA_VL
BO413,57,Non H6 50AID50,3.252,2,.,0,50,DNA_blood
BC179,17,Non H6 5AID50,6.228035916,1,.,0,5,RNA_VL
BB598,14,Non H6 50AID50,6.243475839,1,.,0,50,RNA_VL
BO413,105,Non H6 50AID50,3.185,2,.,0,50,DNA_blood
AV979,14,Non H6 50AID50,6.249156134,1,.,0,50,RNA_VL
BO413,169,Non H6 50AID50,2.675,2,.,0,50,DNA_blood
BD885,14,Non H6 50AID50,6.380681144,1,.,0,50,RNA_VL
BC657,11,H6 50AID50,6.410705504,1,.,0,50,RNA_VL
BL669,11,Non H6 50AID50,6.424001345,1,.,0,50,RNA_VL
AV979,15,Non H6 50AID50,6.425253541,1,.,0,50,RNA_VL
BA081,11,H6 50AID50,6.536812902,1,.,0,50,RNA_VL
BO413,336,Non H6 50AID50,2.494,2,.,1,50,DNA_blood
BA081,14,H6 50AID50,6.621504982,1,.,0,50,RNA_VL
31041,11,H6 50AID50,6.661450874,1,.,0,50,RNA_VL
31041,14,H6 50AID50,6.735100455,1,.,0,50,RNA_VL
AV979,17,Non H6 50AID50,6.917671246,1,.,0,50,RNA_VL
BC657,14,H6 50AID50,7.093741292,1,.,0,50,RNA_VL
29915,-21,H6 50AID50,0.21447,3,.,0,50,p27
29915,15,H6 50AID50,-0.0021,3,.,0,50,p27
29915,36,H6 50AID50,0.19849,3,.,0,50,p27
29915,70,H6 50AID50,0.30087,3,.,0,50,p27
29915,113,H6 50AID50,0.07642,3,.,0,50,p27
29915,169,H6 50AID50,2.20965,3,.,0,50,p27
29915,337,H6 50AID50,0.95114,3,.,0,50,p27
29915,535,H6 50AID50,0.57991,3,.,0,50,p27
29925,-21,H6 50AID50,0.11227,3,.,0,50,p27
29925,15,H6 50AID50,0.44255,3,.,0,50,p27
29925,36,H6 50AID50,-0.52467,3,.,0,50,p27
29925,70,H6 50AID50,0.23564,3,.,0,50,p27
29925,113,H6 50AID50,-1.1928,3,.,0,50,p27
29925,169,H6 50AID50,-0.62756,3,.,0,50,p27
29925,337,H6 50AID50,-0.41999,3,.,0,50,p27
29925,540,H6 50AID50,0.14792,3,.,0,50,p27
31041,-21,H6 50AID50,-0.00642,3,.,0,50,p27
31041,15,H6 50AID50,0.10929,3,.,0,50,p27
31041,36,H6 50AID50,0.4963,3,.,0,50,p27
31041,70,H6 50AID50,0.78094,3,.,0,50,p27
31041,113,H6 50AID50,0.32707,3,.,0,50,p27
31041,169,H6 50AID50,1.86413,3,.,0,50,p27
31041,337,H6 50AID50,0.92893,3,.,0,50,p27
31041,514,H6 50AID50,0.00921,3,.,0,50,p27
BA081,-21,H6 50AID50,0.1589,3,.,0,50,p27
BA081,15,H6 50AID50,1.07487,3,.,0,50,p27
BA081,36,H6 50AID50,0.17675,3,.,0,50,p27
BA081,70,H6 50AID50,2.57542,3,.,0,50,p27
BA081,113,H6 50AID50,1.85906,3,.,0,50,p27
BA081,169,H6 50AID50,2.89763,3,.,0,50,p27
BA081,337,H6 50AID50,3.04314,3,.,0,50,p27
BA081,556,H6 50AID50,2.7868,3,.,0,50,p27
BA209,-21,H6 50AID50,-0.10553,3,.,0,50,p27
BA209,15,H6 50AID50,0.2039,3,.,0,50,p27
BA209,36,H6 50AID50,-0.28421,3,.,0,50,p27
BA209,70,H6 50AID50,0.78248,3,.,0,50,p27
BA209,113,H6 50AID50,0.52959,3,.,0,50,p27
BA209,169,H6 50AID50,0.62297,3,.,0,50,p27
BA209,337,H6 50AID50,0.26447,3,.,0,50,p27
BA209,567,H6 50AID50,1.54738,3,.,0,50,p27
BC657,-21,H6 50AID50,0.12855,3,.,0,50,p27
BC657,15,H6 50AID50,-0.52563,3,.,0,50,p27
BC657,36,H6 50AID50,-0.3293,3,.,0,50,p27
BC657,70,H6 50AID50,0.31447,3,.,0,50,p27
BC657,113,H6 50AID50,0.34552,3,.,0,50,p27
BC657,169,H6 50AID50,0.83835,3,.,0,50,p27
BC657,337,H6 50AID50,0.32311,3,.,0,50,p27
BC657,605,H6 50AID50,0.56727,3,.,0,50,p27
BC094,-21,Non H6 5AID50,0.22348,3,.,0,5,p27
BC094,15,Non H6 5AID50,-0.17164,3,.,0,5,p27
BC094,36,Non H6 5AID50,0.19256,3,.,0,5,p27
BC094,70,Non H6 5AID50,0.36132,3,.,0,5,p27
BC094,113,Non H6 5AID50,0.31194,3,.,0,5,p27
BC094,169,Non H6 5AID50,1.99186,3,.,0,5,p27
BC094,337,Non H6 5AID50,0.301,3,.,0,5,p27
BC094,435,Non H6 5AID50,0.12706,3,.,0,5,p27
BC179,-21,Non H6 5AID50,0.04704,3,.,0,5,p27
BC179,15,Non H6 5AID50,-0.41074,3,.,0,5,p27
BC179,36,Non H6 5AID50,0.02486,3,.,0,5,p27
BC179,70,Non H6 5AID50,0.49037,3,.,0,5,p27
BC179,113,Non H6 5AID50,0.27646,3,.,0,5,p27
BC179,169,Non H6 5AID50,0.34652,3,.,0,5,p27
BC179,337,Non H6 5AID50,1.625,3,.,0,5,p27
BC179,437,Non H6 5AID50,0.16285,3,.,0,5,p27
BD536,-21,Non H6 5AID50,0.30165,3,.,0,5,p27
BD536,15,Non H6 5AID50,0.34083,3,.,0,5,p27
BD536,36,Non H6 5AID50,-0.23968,3,.,0,5,p27
BD536,70,Non H6 5AID50,0.27898,3,.,0,5,p27
BD536,113,Non H6 5AID50,0.0146,3,.,0,5,p27
BD536,169,Non H6 5AID50,1.4906,3,.,0,5,p27
BD536,337,Non H6 5AID50,0.67287,3,.,0,5,p27
BD536,561,Non H6 5AID50,1.73916,3,.,0,5,p27
BO186,-21,Non H6 5AID50,0.19707,3,.,0,5,p27
BO186,15,Non H6 5AID50,0.40313,3,.,0,5,p27
BO186,36,Non H6 5AID50,-0.71158,3,.,0,5,p27
BO186,70,Non H6 5AID50,1.16212,3,.,0,5,p27
BO186,113,Non H6 5AID50,2.20658,3,.,0,5,p27
BO186,169,Non H6 5AID50,2.25163,3,.,0,5,p27
BO186,337,Non H6 5AID50,0.85099,3,.,0,5,p27
BO186,563,Non H6 5AID50,2.61117,3,.,0,5,p27
AV979,-21,Non H6 50AID50,-0.05145,3,.,0,50,p27
AV979,15,Non H6 50AID50,-0.08107,3,.,0,50,p27
AV979,70,Non H6 50AID50,-0.2182,3,.,0,50,p27
AV979,169,Non H6 50AID50,-0.00636,3,.,0,50,p27
AV979,337,Non H6 50AID50,0.84427,3,.,0,50,p27
AV979,442,Non H6 50AID50,-0.44929,3,.,0,50,p27
BB598,-21,Non H6 50AID50,-0.12735,3,.,0,50,p27
BB598,15,Non H6 50AID50,0.31609,3,.,0,50,p27
BB598,36,Non H6 50AID50,1.16613,3,.,0,50,p27
BB598,70,Non H6 50AID50,0.24608,3,.,0,50,p27
BB598,113,Non H6 50AID50,0.68932,3,.,0,50,p27
BB598,169,Non H6 50AID50,0,3,.,0,50,p27
BB598,337,Non H6 50AID50,2.17584,3,.,0,50,p27
BB598,507,Non H6 50AID50,0.35368,3,.,0,50,p27
BD885,-21,Non H6 50AID50,-0.03394,3,.,0,50,p27
BD885,15,Non H6 50AID50,-0.10638,3,.,0,50,p27
BD885,36,Non H6 50AID50,0.3465,3,.,0,50,p27
BD885,70,Non H6 50AID50,0.21518,3,.,0,50,p27
BD885,113,Non H6 50AID50,0.86402,3,.,0,50,p27
BD885,169,Non H6 50AID50,0.06971,3,.,0,50,p27
BD885,337,Non H6 50AID50,0.6995,3,.,0,50,p27
BD885,511,Non H6 50AID50,-0.00763,3,.,0,50,p27
BG927,-21,Non H6 50AID50,0.01428,3,.,0,50,p27
BG927,15,Non H6 50AID50,0.05794,3,.,0,50,p27
BG927,36,Non H6 50AID50,1.43901,3,.,0,50,p27
BG927,70,Non H6 50AID50,2.14135,3,.,0,50,p27
BG927,113,Non H6 50AID50,0.87025,3,.,0,50,p27
BG927,169,Non H6 50AID50,3.95182,3,.,0,50,p27
BG927,337,Non H6 50AID50,1.18423,3,.,0,50,p27
BG927,535,Non H6 50AID50,0.78429,3,.,0,50,p27
BL669,-21,Non H6 50AID50,0.03383,3,.,0,50,p27
BL669,15,Non H6 50AID50,0.27611,3,.,0,50,p27
BL669,36,Non H6 50AID50,0.64405,3,.,0,50,p27
BL669,70,Non H6 50AID50,0.25362,3,.,0,50,p27
BL669,113,Non H6 50AID50,1.42802,3,.,0,50,p27
BL669,169,Non H6 50AID50,1.08457,3,.,0,50,p27
BL669,337,Non H6 50AID50,2.30621,3,.,0,50,p27
BL669,528,Non H6 50AID50,2.1392,3,.,0,50,p27
BO413,-21,Non H6 50AID50,-0.15858,3,.,0,50,p27
BO413,15,Non H6 50AID50,0.26831,3,.,0,50,p27
BO413,36,Non H6 50AID50,1.86501,3,.,0,50,p27
BO413,70,Non H6 50AID50,-0.41599,3,.,0,50,p27
BO413,113,Non H6 50AID50,0.83032,3,.,0,50,p27
BO413,169,Non H6 50AID50,0.96584,3,.,0,50,p27
BO413,337,Non H6 50AID50,3.00575,3,.,0,50,p27
BO413,518,Non H6 50AID50,1.23787,3,.,0,50,p27
29915,-21,H6 50AID50,0.202423547,4,.,0,50,F
29915,15,H6 50AID50,0.01,4,0,1,50,F
29915,36,H6 50AID50,0.187070479,4,.,0,50,F
29915,70,H6 50AID50,0.286223354,4,.,0,50,F
29915,113,H6 50AID50,0.071243714,4,.,0,50,F
29915,169,H6 50AID50,2.62099143,4,.,0,50,F
29915,337,H6 50AID50,0.965097401,4,.,0,50,F
29915,535,H6 50AID50,0.566518785,4,.,0,50,F
29925,-21,H6 50AID50,0.104997507,4,.,0,50,F
29925,15,H6 50AID50,0.42663325,4,.,0,50,F
29925,36,H6 50AID50,0.01,4,0,1,50,F
29925,70,H6 50AID50,0.2228325,4,.,0,50,F
29925,113,H6 50AID50,0.01,4,0,1,50,F
29925,169,H6 50AID50,0.01,4,0,1,50,F
29925,337,H6 50AID50,0.01,4,0,1,50,F
29925,540,H6 50AID50,0.138777965,4,.,0,50,F
31041,-21,H6 50AID50,0.01,4,0,1,50,F
31041,15,H6 50AID50,0.102183539,4,.,0,50,F
31041,36,H6 50AID50,0.48091756,4,.,0,50,F
31041,70,H6 50AID50,0.778435189,4,.,0,50,F
31041,113,H6 50AID50,0.311903355,4,.,0,50,F
31041,169,H6 50AID50,2.108034496,4,.,0,50,F
31041,337,H6 50AID50,0.940340486,4,.,0,50,F
31041,514,H6 50AID50,0.01,4,0,1,50,F
BA081,-21,H6 50AID50,0.149225871,4,.,0,50,F
BA081,15,H6 50AID50,1.105315234,4,.,0,50,F
BA081,36,H6 50AID50,0.166255216,4,.,0,50,F
BA081,70,H6 50AID50,3.228937161,4,.,0,50,F
BA081,113,H6 50AID50,2.100892458,4,.,0,50,F
BA081,169,H6 50AID50,3.832669206,4,.,0,50,F
BA081,337,H6 50AID50,4.130236626,4,.,0,50,F
BA081,556,H6 50AID50,3.616896675,4,.,0,50,F
BA209,-21,H6 50AID50,0.01,4,0,1,50,F
BA209,15,H6 50AID50,0.192263203,4,.,0,50,F
BA209,36,H6 50AID50,0.01,4,0,1,50,F
BA209,70,H6 50AID50,0.78009338,4,.,0,50,F
BA209,113,H6 50AID50,0.514828861,4,.,0,50,F
BA209,169,H6 50AID50,0.611171059,4,.,0,50,F
BA209,337,H6 50AID50,0.250754743,4,.,0,50,F
BA209,567,H6 50AID50,1.680706322,4,.,0,50,F
BC657,-21,H6 50AID50,0.120396957,4,.,0,50,F
BC657,15,H6 50AID50,0.01,4,0,1,50,F
BC657,36,H6 50AID50,0.01,4,0,1,50,F
BC657,70,H6 50AID50,0.299537597,4,.,0,50,F
BC657,113,H6 50AID50,0.330063652,4,.,0,50,F
BC657,169,H6 50AID50,0.840624166,4,.,0,50,F
BC657,337,H6 50AID50,0.308013802,4,.,0,50,F
BC657,605,H6 50AID50,0.553485359,4,.,0,50,F
BC094,-21,Non H6 5AID50,0.211099925,4,.,0,5,F
BC094,15,Non H6 5AID50,0.01,4,0,1,5,F
BC094,36,Non H6 5AID50,0.181384534,4,.,0,5,F
BC094,70,Non H6 5AID50,0.345666265,4,.,0,5,F
BC094,113,Non H6 5AID50,0.297058175,4,.,0,5,F
BC094,169,Non H6 5AID50,2.291485921,4,.,0,5,F
BC094,337,Non H6 5AID50,0.286350461,4,.,0,5,F
BC094,435,Non H6 5AID50,0.118985681,4,.,0,5,F
BC179,-21,Non H6 5AID50,0.04374083,4,.,0,5,F
BC179,15,Non H6 5AID50,0.01,4,0,1,5,F
BC179,36,Non H6 5AID50,0.023071719,4,.,0,5,F
BC179,70,Non H6 5AID50,0.474900367,4,.,0,5,F
BC179,113,Non H6 5AID50,0.262411316,4,.,0,5,F
BC179,169,Non H6 5AID50,0.331049768,4,.,0,5,F
BC179,337,Non H6 5AID50,1.782025137,4,.,0,5,F
BC179,437,Non H6 5AID50,0.152989526,4,.,0,5,F
BD536,-21,Non H6 5AID50,0.286986045,4,.,0,5,F
BD536,15,Non H6 5AID50,0.325441266,4,.,0,5,F
BD536,36,Non H6 5AID50,0.01,4,0,1,5,F
BD536,70,Non H6 5AID50,0.264864554,4,.,0,5,F
BD536,113,Non H6 5AID50,0.013537674,4,.,0,5,F
BD536,169,Non H6 5AID50,1.607895316,4,.,0,5,F
BD536,337,Non H6 5AID50,0.663411897,4,.,0,5,F
BD536,561,Non H6 5AID50,1.934956537,4,.,0,5,F
BO186,-21,Non H6 5AID50,0.18570836,4,.,0,5,F
BO186,15,Non H6 5AID50,0.387182286,4,.,0,5,F
BO186,36,Non H6 5AID50,0.01,4,0,1,5,F
BO186,70,Non H6 5AID50,1.20662918,4,.,0,5,F
BO186,113,Non H6 5AID50,2.616190397,4,.,0,5,F
BO186,169,Non H6 5AID50,2.687113563,4,.,0,5,F
BO186,337,Non H6 5AID50,0.854420446,4,.,0,5,F
BO186,563,Non H6 5AID50,3.292507764,4,.,0,5,F
AV979,-21,Non H6 50AID50,0.01,4,0,1,50,F
AV979,15,Non H6 50AID50,0.01,4,0,1,50,F
AV979,70,Non H6 50AID50,0.01,4,0,1,50,F
AV979,169,Non H6 50AID50,0.01,4,0,1,50,F
AV979,337,Non H6 50AID50,0.84708099,4,.,0,50,F
AV979,442,Non H6 50AID50,0.01,4,0,1,50,F
BB598,-21,Non H6 50AID50,0.01,4,0,1,50,F
BB598,15,Non H6 50AID50,0.301125833,4,.,0,50,F
BB598,36,Non H6 50AID50,1.21133579,4,.,0,50,F
BB598,70,Non H6 50AID50,0.232926562,4,.,0,50,F
BB598,113,Non H6 50AID50,0.68075224,4,.,0,50,F
BB598,169,Non H6 50AID50,0.01,4,0,1,50,F
BB598,337,Non H6 50AID50,2.568372801,4,.,0,50,F
BB598,507,Non H6 50AID50,0.338115845,4,.,0,50,F
BD885,-21,Non H6 50AID50,0.01,4,0,1,50,F
BD885,15,Non H6 50AID50,0.01,4,0,1,50,F
BD885,36,Non H6 50AID50,0.331030044,4,.,0,50,F
BD885,70,Non H6 50AID50,0.203106736,4,.,0,50,F
BD885,113,Non H6 50AID50,0.868682258,4,.,0,50,F
BD885,169,Non H6 50AID50,0.064949864,4,.,0,50,F
BD885,337,Non H6 50AID50,0.691513059,4,.,0,50,F
BD885,511,Non H6 50AID50,0.01,4,0,1,50,F
BG927,-21,Non H6 50AID50,0.013240589,4,.,0,50,F
BG927,15,Non H6 50AID50,0.053927818,4,.,0,50,F
BG927,36,Non H6 50AID50,1.542664391,4,.,0,50,F
BG927,70,Non H6 50AID50,2.515267164,4,.,0,50,F
BG927,113,Non H6 50AID50,0.875515594,4,.,0,50,F
BG927,169,Non H6 50AID50,6.47317758,4,.,0,50,F
BG927,337,Non H6 50AID50,1.232636047,4,.,0,50,F
BG927,535,Non H6 50AID50,0.782042992,4,.,0,50,F
BL669,-21,Non H6 50AID50,0.031421031,4,.,0,50,F
BL669,15,Non H6 50AID50,0.26207068,4,.,0,50,F
BL669,36,Non H6 50AID50,0.633174359,4,.,0,50,F
BL669,70,Non H6 50AID50,0.240228856,4,.,0,50,F
BL669,113,Non H6 50AID50,1.528879891,4,.,0,50,F
BL669,169,Non H6 50AID50,1.116476952,4,.,0,50,F
BL669,337,Non H6 50AID50,2.774422031,4,.,0,50,F
BL669,528,Non H6 50AID50,2.511975564,4,.,0,50,F
BO413,-21,Non H6 50AID50,0.01,4,0,1,50,F
BO413,15,Non H6 50AID50,0.254485124,4,.,0,50,F
BO413,36,Non H6 50AID50,2.109275201,4,.,0,50,F
BO413,70,Non H6 50AID50,0.01,4,0,1,50,F
BO413,113,Non H6 50AID50,0.831879268,4,.,0,50,F
BO413,169,Non H6 50AID50,0.981550949,4,.,0,50,F
BO413,337,Non H6 50AID50,4.052151239,4,.,0,50,F
BO413,518,Non H6 50AID50,1.296305224,4,.,0,50,F
